1,Nincs adat
2,Aba
3,Abádszalók
4,Abaliget
5,Abasár
6,Abaújalpár
7,Abaújkér
8,Abaújlak
9,Abaújszántó
10,Abaújszolnok
11,Abaújvár
12,Abda
13,Abod
14,Abony
15,Ábrahámhegy
16,Ács
17,Acsa
18,Acsád
19,Acsalag
20,Ácsteszér
21,Adács
22,Ádánd
23,Adásztevel
24,Adony
25,Adorjánháza
26,Adorjás
27,Ág
28,Ágasegyháza
29,Ágfalva
30,Aggtelek
31,Agyagosszergény
32,Ajak
33,Ajka
34,Aka
35,Akasztó
36,Alacska
37,Alap
38,Alattyán
39,Albertirsa
40,Alcsútdoboz
41,Aldebrő
42,Algyő
43,Alibánfa
44,Almamellék
45,Almásfüzitő
46,Almásháza
47,Almáskamarás
48,Almáskeresztúr
49,Álmosd
50,Alsóberecki
51,Alsóbogát
52,Alsódobsza
53,Alsógagy
54,Alsómocsolád
55,Alsónána
56,Alsónémedi
57,Alsónemesapáti
58,Alsónyék
59,Alsóörs
60,Alsópáhok
61,Alsópetény
62,Alsórajk
63,Alsóregmec
64,Alsószenterzsébet
65,Alsószentiván
66,Alsószentmárton
67,Alsószölnök
68,Alsószuha
69,Alsótelekes
70,Alsótold
71,Alsóújlak
72,Alsóvadász
73,Alsózsolca
74,Ambrózfalva
75,Anarcs
76,Andocs
77,Andornaktálya
78,Andrásfa
79,Annavölgy
80,Apácatorna
81,Apagy
82,Apaj
83,Aparhant
84,Apátfalva
85,Apátistvánfalva
86,Apátvarasd
87,Apc
88,Áporka
89,Apostag
90,Aranyosapáti
91,Aranyosgadány
92,Arka
93,Arló
94,Arnót
95,Ároktő
96,Árpádhalom
97,Árpás
98,Ártánd
99,Ásotthalom
100,Ásványráró
101,Aszaló
102,Ászár
103,Aszód
104,Aszófő
105,Áta
106,Átány
107,Atkár
108,Attala
109,Babarc
110,Babarcszőlős
111,Babócsa
112,Bábolna
113,Bábonymegyer
114,Babosdöbréte
115,Babót
116,Bácsalmás
117,Bácsbokod
118,Bácsborsód
119,Bácsszentgyörgy
120,Bácsszőlős
121,Badacsonytomaj
122,Badacsonytördemic
123,Bag
124,Bagamér
125,Baglad
126,Bagod
127,Bágyogszovát
128,Baj
129,Baja
130,Bajánsenye
131,Bajna
132,Bajót
133,Bak
134,Bakháza
135,Bakóca
136,Bakonszeg
137,Bakonya
138,Bakonybánk
139,Bakonybél
140,Bakonycsernye
141,Bakonygyirót
142,Bakonyjákó
143,Bakonykoppány
144,Bakonykúti
145,Bakonynána
146,Bakonyoszlop
147,Bakonypéterd
148,Bakonypölöske
149,Bakonyság
150,Bakonysárkány
151,Bakonyszentiván
152,Bakonyszentkirály
153,Bakonyszentlászló
154,Bakonyszombathely
155,Bakonyszücs
156,Bakonytamási
157,Baks
158,Baksa
159,Baktakék
160,Baktalórántháza
161,Baktüttös
162,Balajt
163,Balassagyarmat
164,Balástya
165,Balaton
166,Balatonakali
167,Balatonakarattya
168,Balatonalmádi
169,Balatonberény
170,Balatonboglár
171,Balatoncsicsó
172,Balatonederics
173,Balatonendréd
174,Balatonfenyves
175,Balatonfőkajár
176,Balatonföldvár
177,Balatonfüred
178,Balatonfűzfő
179,Balatongyörök
180,Balatonhenye
181,Balatonkenese
182,Balatonkeresztúr
183,Balatonlelle
184,Balatonmagyaród
185,Balatonmáriafürdő
186,Balatonőszöd
187,Balatonrendes
188,Balatonszabadi
189,Balatonszárszó
190,Balatonszemes
191,Balatonszentgyörgy
192,Balatonszepezd
193,Balatonszőlős
194,Balatonudvari
195,Balatonújlak
196,Balatonvilágos
197,Balinka
198,Balkány
199,Ballószög
200,Balmazújváros
201,Balogunyom
202,Balotaszállás
203,Balsa
204,Bálványos
205,Bana
206,Bánd
207,Bánfa
208,Bánhorváti
209,Bánk
210,Bánokszentgyörgy
211,Bánréve
212,Bár
213,Barabás
214,Baracs
215,Baracska
216,Báránd
217,Baranyahídvég
218,Baranyajenő
219,Baranyaszentgyörgy
220,Barbacs
221,Barcs
222,Bárdudvarnok
223,Barlahida
224,Bárna
225,Barnag
226,Bársonyos
227,Basal
228,Baskó
229,Báta
230,Bátaapáti
231,Bátaszék
232,Baté
233,Bátmonostor
234,Bátonyterenye
235,Bátor
236,Bátorliget
237,Battonya
238,Bátya
239,Batyk
240,Bázakerettye
241,Bazsi
242,Béb
243,Becsehely
244,Becske
245,Becskeháza
246,Becsvölgye
247,Bedegkér
248,Bedő
249,Bejcgyertyános
250,Békás
251,Bekecs
252,Békés
253,Békéscsaba
254,Békéssámson
255,Békésszentandrás
256,Bekölce
257,Bélapátfalva
258,Bélavár
259,Belecska
260,Beled
261,Beleg
262,Belezna
263,Bélmegyer
264,Beloiannisz
265,Belsősárd
266,Belvárdgyula
267,Benk
268,Bénye
269,Bér
270,Bérbaltavár
271,Bercel
272,Beregdaróc
273,Beregsurány
274,Berekböszörmény
275,Berekfürdő
276,Beremend
277,Berente
278,Beret
279,Berettyóújfalu
280,Berhida
281,Berkenye
282,Berkesd
283,Berkesz
284,Bernecebaráti
285,Berzék
286,Berzence
287,Besence
288,Besenyőd
289,Besenyőtelek
290,Besenyszög
291,Besnyő
292,Beszterec
293,Bezedek
294,Bezenye
295,Bezeréd
296,Bezi
297,Biatorbágy
298,Bicsérd
299,Bicske
300,Bihardancsháza
301,Biharkeresztes
302,Biharnagybajom
303,Bihartorda
304,Biharugra
305,Bikács
306,Bikal
307,Biri
308,Birján
309,Bisse
310,Boba
311,Bocfölde
312,Boconád
313,Bócsa
314,Bocska
315,Bocskaikert
316,Boda
317,Bodajk
318,Bodmér
319,Bodolyabér
320,Bodonhely
321,Bodony
322,Bodorfa
323,Bodrog
324,Bodroghalom
325,Bodrogkeresztúr
326,Bodrogkisfalud
327,Bodrogolaszi
328,Bódvalenke
329,Bódvarákó
330,Bódvaszilas
331,Bogács
332,Bogád
333,Bogádmindszent
334,Bogdása
335,Bogyiszló
336,Bogyoszló
337,Bojt
338,Bókaháza
339,Bokod
340,Bokor
341,Boldog
342,Boldogasszonyfa
343,Boldogkőújfalu
344,Boldogkőváralja
345,Boldva
346,Bolhás
347,Bolhó
348,Bóly
349,Boncodfölde
350,Bonyhád
351,Bonyhádvarasd
352,Bonnya
353,Bordány
354,Borgáta
355,Borjád
356,Borota
357,Borsfa
358,Borsodbóta
359,Borsodgeszt
360,Borsodivánka
361,Borsodnádasd
362,Borsodszentgyörgy
363,Borsodszirák
364,Borsosberény
365,Borszörcsök
366,Borzavár
367,Bosta
368,Botpalád
369,Botykapeterd
370,Bozzai
371,Bozsok
372,Bózsva
373,Bő
374,Bőcs
375,Böde
376,Bödeháza
377,Bögöt
378,Bögöte
379,Böhönye
380,Bököny
381,Bölcske
382,Bőny
383,Börcs
384,Börzönce
385,Bősárkány
386,Bőszénfa
387,Bucsa
388,Bucsu
389,Búcsúszentlászló
390,Bucsuta
391,Budajenő
392,Budakalász
393,Budakeszi
394,Budaörs
395,Budapest
396,Budapest 01. ker.
397,Budapest 02. ker.
398,Budapest 03. ker.
399,Budapest 04. ker.
400,Budapest 05. ker.
401,Budapest 06. ker.
402,Budapest 07. ker.
403,Budapest 08. ker.
404,Budapest 09. ker.
405,Budapest 10. ker.
406,Budapest 11. ker.
407,Budapest 12. ker.
408,Budapest 13. ker.
409,Budapest 14. ker.
410,Budapest 15. ker.
411,Budapest 16. ker.
412,Budapest 17. ker.
413,Budapest 18. ker.
414,Budapest 19. ker.
415,Budapest 20. ker.
416,Budapest 21. ker.
417,Budapest 22. ker.
418,Budapest 23. ker.
419,Bugac
420,Bugacpusztaháza
421,Bugyi
422,Buj
423,Buják
424,Buzsák
425,Bük
426,Bükkábrány
427,Bükkaranyos
428,Bükkmogyorósd
429,Bükkösd
430,Bükkszék
431,Bükkszenterzsébet
432,Bükkszentkereszt
433,Bükkszentmárton
434,Bükkzsérc
435,Bürüs
436,Büssü
437,Büttös
438,Cák
439,Cakóháza
440,Cece
441,Cégénydányád
442,Cegléd
443,Ceglédbercel
444,Celldömölk
445,Cered
446,Chernelházadamonya
447,Cibakháza
448,Cigánd
449,Cikó
450,Cirák
451,Cún
452,Csabacsűd
453,Csabaszabadi
454,Csabdi
455,Csabrendek
456,Csáfordjánosfa
457,Csaholc
458,Csajág
459,Csákány
460,Csákánydoroszló
461,Csákberény
462,Csákvár
463,Csanádalberti
464,Csanádapáca
465,Csanádpalota
466,Csánig
467,Csány
468,Csányoszró
469,Csanytelek
470,Csapi
471,Csapod
472,Csárdaszállás
473,Csarnóta
474,Csaroda
475,Császár
476,Császártöltés
477,Császló
478,Csátalja
479,Csatár
480,Csataszög
481,Csatka
482,Csávoly
483,Csebény
484,Csécse
485,Csegöld
486,Csehbánya
487,Csehi
488,Csehimindszent
489,Csém
490,Csemő
491,Csempeszkopács
492,Csengele
493,Csenger
494,Csengersima
495,Csengerújfalu
496,Csengőd
497,Csénye
498,Csenyéte
499,Csép
500,Csépa
501,Csepreg
502,Csér
503,Cserdi
504,Cserénfa
505,Cserépfalu
506,Cserépváralja
507,Cserháthaláp
508,Cserhátsurány
509,Cserhátszentiván
510,Cserkeszőlő
511,Cserkút
512,Csernely
513,Cserszegtomaj
514,Csertalakos
515,Csertő
516,Csesznek
517,Csesztreg
518,Csesztve
519,Csetény
520,Csévharaszt
521,Csibrák
522,Csikéria
523,Csikóstőttős
524,Csikvánd
525,Csincse
526,Csipkerek
527,Csitár
528,Csobád
529,Csobaj
530,Csobánka
531,Csókakő
532,Csokonyavisonta
533,Csokvaomány
534,Csolnok
535,Csólyospálos
536,Csoma
537,Csomád
538,Csombárd
539,Csongrád
540,Csonkahegyhát
541,Csonkamindszent
542,Csopak
543,Csór
544,Csorna
545,Csorvás
546,Csót
547,Csöde
548,Csögle
549,Csökmő
550,Csököly
551,Csömend
552,Csömödér
553,Csömör
554,Csönge
555,Csörnyeföld
556,Csörög
557,Csörötnek
558,Csősz
559,Csővár
560,Csurgó
561,Csurgónagymarton
562,Dabas
563,Dabronc
564,Dabrony
565,Dad
566,Dág
567,Dáka
568,Dalmand
569,Damak
570,Dámóc
571,Dánszentmiklós
572,Dány
573,Daraboshegy
574,Darány
575,Darnó
576,Darnózseli
577,Daruszentmiklós
578,Darvas
579,Dávod
580,Debercsény
581,Debrecen
582,Debréte
583,Decs
584,Dédestapolcsány
585,Dég
586,Dejtár
587,Délegyháza
588,Demecser
589,Demjén
590,Dencsháza
591,Dénesfa
592,Derecske
593,Derekegyház
594,Deszk
595,Detek
596,Detk
597,Dévaványa
598,Devecser
599,Dinnyeberki
600,Diósberény
601,Diósd
602,Diósjenő
603,Dióskál
604,Diósviszló
605,Doba
606,Doboz
607,Dobri
608,Dobronhegy
609,Dóc
610,Domaháza
611,Domaszék
612,Dombegyház
613,Dombiratos
614,Dombóvár
615,Dombrád
616,Domony
617,Domoszló
618,Dormánd
619,Dorog
620,Dorogháza
621,Dozmat
622,Döbörhegy
623,Döbröce
624,Döbrököz
625,Döbrönte
626,Döge
627,Dömös
628,Dömsöd
629,Dör
630,Dörgicse
631,Döröske
632,Dötk
633,Dövény
634,Drágszél
635,Drávacsehi
636,Drávacsepely
637,Drávafok
638,Drávagárdony
639,Drávaiványi
640,Drávakeresztúr
641,Drávapalkonya
642,Drávapiski
643,Drávaszabolcs
644,Drávaszerdahely
645,Drávasztára
646,Drávatamási
647,Drégelypalánk
648,Dubicsány
649,Dudar
650,Duka
651,Dunaalmás
652,Dunabogdány
653,Dunaegyháza
654,Dunafalva
655,Dunaföldvár
656,Dunaharaszti
657,Dunakeszi
658,Dunakiliti
659,Dunapataj
660,Dunaremete
661,Dunaszeg
662,Dunaszekcső
663,Dunaszentbenedek
664,Dunaszentgyörgy
665,Dunaszentmiklós
666,Dunaszentpál
667,Dunasziget
668,Dunatetétlen
669,Dunaújváros
670,Dunavarsány
671,Dunavecse
672,Dusnok
673,Dúzs
674,Ebergőc
675,Ebes
676,Écs
677,Ecséd
678,Ecseg
679,Ecsegfalva
680,Ecseny
681,Ecser
682,Edde
683,Edelény
684,Edve
685,Eger
686,Egerág
687,Egeralja
688,Egeraracsa
689,Egerbakta
690,Egerbocs
691,Egercsehi
692,Egerfarmos
693,Egerlövő
694,Egerszalók
695,Egerszólát
696,Égerszög
697,Egervár
698,Egervölgy
699,Egyed
700,Egyek
701,Egyházasdengeleg
702,Egyházasfalu
703,Egyházasgerge
704,Egyházasharaszti
705,Egyházashetye
706,Egyházashollós
707,Egyházaskesző
708,Egyházaskozár
709,Egyházasrádóc
710,Elek
711,Ellend
712,Előszállás
713,Emőd
714,Encs
715,Encsencs
716,Endrefalva
717,Endrőc
718,Enese
719,Enying
720,Eperjes
721,Eperjeske
722,Eplény
723,Epöl
724,Ercsi
725,Érd
726,Erdőbénye
727,Erdőhorváti
728,Erdőkertes
729,Erdőkövesd
730,Erdőkürt
731,Erdősmárok
732,Erdősmecske
733,Erdőtarcsa
734,Erdőtelek
735,Erk
736,Érpatak
737,Érsekcsanád
738,Érsekhalma
739,Érsekvadkert
740,Értény
741,Erzsébet
742,Esztár
743,Eszteregnye
744,Esztergályhorváti
745,Esztergom
746,Ete
747,Etes
748,Etyek
749,Fábiánháza
750,Fábiánsebestyén
751,Fácánkert
752,Fadd
753,Fáj
754,Fajsz
755,Fancsal
756,Farád
757,Farkasgyepű
758,Farkaslyuk
759,Farmos
760,Fazekasboda
761,Fedémes
762,Fegyvernek
763,Fehérgyarmat
764,Fehértó
765,Fehérvárcsurgó
766,Feked
767,Feketeerdő
768,Felcsút
769,Feldebrő
770,Felgyő
771,Felpéc
772,Felsőberecki
773,Felsőcsatár
774,Felsődobsza
775,Felsőegerszeg
776,Felsőgagy
777,Felsőjánosfa
778,Felsőkelecsény
779,Felsőlajos
780,Felsőmarác
781,Felsőmocsolád
782,Felsőnána
783,Felsőnyárád
784,Felsőnyék
785,Felsőörs
786,Felsőpáhok
787,Felsőpakony
788,Felsőpetény
789,Felsőrajk
790,Felsőregmec
791,Felsőszenterzsébet
792,Felsőszentiván
793,Felsőszentmárton
794,Felsőszölnök
795,Felsőtárkány
796,Felsőtelekes
797,Felsőtold
798,Felsővadász
799,Felsőzsolca
800,Fényeslitke
801,Fenyőfő
802,Ferencszállás
803,Fertőboz
804,Fertőd
805,Fertőendréd
806,Fertőhomok
807,Fertőrákos
808,Fertőszentmiklós
809,Fertőszéplak
810,Fiad
811,Filkeháza
812,Fityeház
813,Foktő
814,Folyás
815,Fonó
816,Fony
817,Fonyód
818,Forráskút
819,Forró
820,Fót
821,Földeák
822,Földes
823,Főnyed
824,Fulókércs
825,Furta
826,Füle
827,Fülesd
828,Fülöp
829,Fülöpháza
830,Fülöpjakab
831,Fülöpszállás
832,Fülpösdaróc
833,Fürged
834,Füzér
835,Füzérkajata
836,Füzérkomlós
837,Füzérradvány
838,Füzesabony
839,Füzesgyarmat
840,Fűzvölgy
841,Gáborján
842,Gáborjánháza
843,Gacsály
844,Gadács
845,Gadány
846,Gadna
847,Gádoros
848,Gagyapáti
849,Gagybátor
850,Gagyvendégi
851,Galambok
852,Galgaguta
853,Galgagyörk
854,Galgahévíz
855,Galgamácsa
856,Gálosfa
857,Galvács
858,Gamás
859,Ganna
860,Gánt
861,Gara
862,Garáb
863,Garabonc
864,Garadna
865,Garbolc
866,Gárdony
867,Garé
868,Gasztony
869,Gátér
870,Gávavencsellő
871,Géberjén
872,Gecse
873,Géderlak
874,Gégény
875,Gelej
876,Gelénes
877,Gellénháza
878,Gelse
879,Gelsesziget
880,Gemzse
881,Gencsapáti
882,Gérce
883,Gerde
884,Gerendás
885,Gerényes
886,Geresdlak
887,Gerjen
888,Gersekarát
889,Geszt
890,Gesztely
891,Geszteréd
892,Gétye
893,Gibárt
894,Gic
895,Gige
896,Gilvánfa
897,Girincs
898,Gógánfa
899,Golop
900,Gomba
901,Gombosszeg
902,Gór
903,Gordisa
904,Gosztola
905,Göd
906,Gödöllő
907,Gödre
908,Gölle
909,Gömörszőlős
910,Gönc
911,Göncruszka
912,Gönyű
913,Görbeháza
914,Görcsöny
915,Görcsönydoboka
916,Görgeteg
917,Gősfa
918,Grábóc
919,Gulács
920,Gutorfölde
921,Gyál
922,Gyalóka
923,Gyanógeregye
924,Gyarmat
925,Gyékényes
926,Gyenesdiás
927,Gyepükaján
928,Gyermely
929,Gyód
930,Gyomaendrőd
931,Gyóró
932,Gyömöre
933,Gyömrő
934,Gyöngyfa
935,Gyöngyös
936,Gyöngyösfalu
937,Gyöngyöshalász
938,Gyöngyösmellék
939,Gyöngyösoroszi
940,Gyöngyöspata
941,Gyöngyössolymos
942,Gyöngyöstarján
943,Gyönk
944,Győr
945,Győrasszonyfa
946,Györe
947,Györgytarló
948,Györköny
949,Győrladamér
950,Győröcske
951,Győrság
952,Győrsövényház
953,Győrszemere
954,Győrtelek
955,Győrújbarát
956,Győrújfalu
957,Győrvár
958,Győrzámoly
959,Gyugy
960,Gyula
961,Gyulaháza
962,Gyulaj
963,Gyulakeszi
964,Gyúró
965,Gyügye
966,Gyüre
967,Gyűrűs
968,Hács
969,Hagyárosbörönd
970,Hahót
971,Hajdúbagos
972,Hajdúböszörmény
973,Hajdúdorog
974,Hajdúhadház
975,Hajdúnánás
976,Hajdúsámson
977,Hajdúszoboszló
978,Hajdúszovát
979,Hajmás
980,Hajmáskér
981,Hajós
982,Halastó
983,Halászi
984,Halásztelek
985,Halimba
986,Halmaj
987,Halmajugra
988,Halogy
989,Hangács
990,Hangony
991,Hantos
992,Harasztifalu
993,Harc
994,Harka
995,Harkakötöny
996,Harkány
997,Háromfa
998,Háromhuta
999,Harsány
1000,Hárskút
1001,Harta
1002,Hásságy
1003,Hatvan
1004,Hédervár
1005,Hedrehely
1006,Hegyesd
1007,Hegyeshalom
1008,Hegyfalu
1009,Hegyháthodász
1010,Hegyhátmaróc
1011,Hegyhátsál
1012,Hegyhátszentjakab
1013,Hegyhátszentmárton
1014,Hegyhátszentpéter
1015,Hegykő
1016,Hegymagas
1017,Hegymeg
1018,Hegyszentmárton
1019,Héhalom
1020,Hejce
1021,Hejőbába
1022,Hejőkeresztúr
1023,Hejőkürt
1024,Hejőpapi
1025,Hejőszalonta
1026,Helesfa
1027,Helvécia
1028,Hencida
1029,Hencse
1030,Herceghalom
1031,Hercegkút
1032,Hercegszántó
1033,Heréd
1034,Héreg
1035,Herencsény
1036,Herend
1037,Heresznye
1038,Hermánszeg
1039,Hernád
1040,Hernádbűd
1041,Hernádcéce
1042,Hernádkak
1043,Hernádkércs
1044,Hernádnémeti
1045,Hernádpetri
1046,Hernádszentandrás
1047,Hernádszurdok
1048,Hernádvécse
1049,Hernyék
1050,Hét
1051,Hetefejércse
1052,Hetes
1053,Hetvehely
1054,Hetyefő
1055,Heves
1056,Hevesaranyos
1057,Hevesvezekény
1058,Hévíz
1059,Hévízgyörk
1060,Hidas
1061,Hidasnémeti
1062,Hidegkút
1063,Hidegség
1064,Hidvégardó
1065,Himesháza
1066,Himod
1067,Hirics
1068,Hobol
1069,Hodász
1070,Hódmezővásárhely
1071,Hollád
1072,Hollóháza
1073,Hollókő
1074,Homokbödöge
1075,Homokkomárom
1076,Homokmégy
1077,Homokszentgyörgy
1078,Homorúd
1079,Homrogd
1080,Hont
1081,Horpács
1082,Hort
1083,Hortobágy
1084,Horváthertelend
1085,Horvátlövő
1086,Horvátzsidány
1087,Hosszúhetény
1088,Hosszúpályi
1089,Hosszúpereszteg
1090,Hosszúvíz
1091,Hosszúvölgy
1092,Hosztót
1093,Hottó
1094,Hőgyész
1095,Hövej
1096,Hugyag
1097,Hunya
1098,Hunyadfalva
1099,Husztót
1100,Ibafa
1101,Iborfia
1102,Ibrány
1103,Igal
1104,Igar
1105,Igrici
1106,Iharos
1107,Iharosberény
1108,Ikervár
1109,Iklad
1110,Iklanberény
1111,Iklódbördőce
1112,Ikrény
1113,Iliny
1114,Ilk
1115,Illocska
1116,Imola
1117,Imrehegy
1118,Ináncs
1119,Inárcs
1120,Inke
1121,Ipacsfa
1122,Ipolydamásd
1123,Ipolyszög
1124,Ipolytarnóc
1125,Ipolytölgyes
1126,Ipolyvece
1127,Iregszemcse
1128,Irota
1129,Isaszeg
1130,Ispánk
1131,Istenmezeje
1132,Istvándi
1133,Iszkaszentgyörgy
1134,Iszkáz
1135,Isztimér
1136,Ivád
1137,Iván
1138,Ivánbattyán
1139,Ivánc
1140,Iváncsa
1141,Ivándárda
1142,Izmény
1143,Izsák
1144,Izsófalva
1145,Jágónak
1146,Ják
1147,Jakabszállás
1148,Jákfa
1149,Jákfalva
1150,Jákó
1151,Jánd
1152,Jánkmajtis
1153,Jánoshalma
1154,Jánosháza
1155,Jánoshida
1156,Jánossomorja
1157,Járdánháza
1158,Jármi
1159,Jásd
1160,Jászágó
1161,Jászalsószentgyörgy
1162,Jászapáti
1163,Jászárokszállás
1164,Jászberény
1165,Jászboldogháza
1166,Jászdózsa
1167,Jászfelsőszentgyörgy
1168,Jászfényszaru
1169,Jászivány
1170,Jászjákóhalma
1171,Jászkarajenő
1172,Jászkisér
1173,Jászladány
1174,Jászszentandrás
1175,Jászszentlászló
1176,Jásztelek
1177,Jéke
1178,Jenő
1179,Jobaháza
1180,Jobbágyi
1181,Jósvafő
1182,Juta
1183,Kaba
1184,Kacorlak
1185,Kács
1186,Kacsóta
1187,Kadarkút
1188,Kajárpéc
1189,Kajászó
1190,Kajdacs
1191,Kakasd
1192,Kákics
1193,Kakucs
1194,Kál
1195,Kalaznó
1196,Káld
1197,Kálló
1198,Kallósd
1199,Kállósemjén
1200,Kálmáncsa
1201,Kálmánháza
1202,Kálócfa
1203,Kalocsa
1204,Káloz
1205,Kám
1206,Kamond
1207,Kamut
1208,Kánó
1209,Kántorjánosi
1210,Kány
1211,Kánya
1212,Kányavár
1213,Kapolcs
1214,Kápolna
1215,Kápolnásnyék
1216,Kapoly
1217,Kaposfő
1218,Kaposgyarmat
1219,Kaposhomok
1220,Kaposkeresztúr
1221,Kaposmérő
1222,Kapospula
1223,Kaposújlak
1224,Kaposvár
1225,Kaposszekcső
1226,Kaposszerdahely
1227,Káptalanfa
1228,Káptalantóti
1229,Kapuvár
1230,Kára
1231,Karácsond
1232,Karád
1233,Karakó
1234,Karakószörcsök
1235,Karancsalja
1236,Karancsberény
1237,Karancskeszi
1238,Karancslapujtő
1239,Karancsság
1240,Kárász
1241,Karcag
1242,Karcsa
1243,Kardos
1244,Kardoskút
1245,Karmacs
1246,Károlyháza
1247,Karos
1248,Kartal
1249,Kásád
1250,Kaskantyú
1251,Kastélyosdombó
1252,Kaszaper
1253,Kaszó
1254,Katádfa
1255,Katafa
1256,Kátoly
1257,Katymár
1258,Káva
1259,Kávás
1260,Kazár
1261,Kazincbarcika
1262,Kázsmárk
1263,Kazsok
1264,Kecel
1265,Kecskéd
1266,Kecskemét
1267,Kehidakustány
1268,Kék
1269,Kékcse
1270,Kéked
1271,Kékesd
1272,Kékkút
1273,Kelebia
1274,Keléd
1275,Kelemér
1276,Kéleshalom
1277,Kelevíz
1278,Kemecse
1279,Kemence
1280,Kemendollár
1281,Kemeneshőgyész
1282,Kemeneskápolna
1283,Kemenesmagasi
1284,Kemenesmihályfa
1285,Kemenespálfa
1286,Kemenessömjén
1287,Kemenesszentmárton
1288,Kemenesszentpéter
1289,Keménfa
1290,Kémes
1291,Kemestaródfa
1292,Kemse
1293,Kenderes
1294,Kenéz
1295,Kenézlő
1296,Kengyel
1297,Kenyeri
1298,Kercaszomor
1299,Kercseliget
1300,Kerecsend
1301,Kerecseny
1302,Kerekegyháza
1303,Kerekharaszt
1304,Kereki
1305,Kerékteleki
1306,Kerepes
1307,Keresztéte
1308,Kerkabarabás
1309,Kerkafalva
1310,Kerkakutas
1311,Kerkáskápolna
1312,Kerkaszentkirály
1313,Kerkateskánd
1314,Kérsemjén
1315,Kerta
1316,Kertészsziget
1317,Keszeg
1318,Kesznyéten
1319,Keszőhidegkút
1320,Keszthely
1321,Kesztölc
1322,Keszü
1323,Kétbodony
1324,Kétegyháza
1325,Kéthely
1326,Kétpó
1327,Kétsoprony
1328,Kétújfalu
1329,Kétvölgy
1330,Kéty
1331,Kevermes
1332,Kilimán
1333,Kimle
1334,Kincsesbánya
1335,Királd
1336,Királyegyháza
1337,Királyhegyes
1338,Királyszentistván
1339,Kisapáti
1340,Kisapostag
1341,Kisar
1342,Kisasszond
1343,Kisasszonyfa
1344,Kisbabot
1345,Kisbágyon
1346,Kisbajcs
1347,Kisbajom
1348,Kisbárapáti
1349,Kisbárkány
1350,Kisbér
1351,Kisberény
1352,Kisberzseny
1353,Kisbeszterce
1354,Kisbodak
1355,Kisbucsa
1356,Kisbudmér
1357,Kiscsécs
1358,Kiscsehi
1359,Kiscsősz
1360,Kisdér
1361,Kisdobsza
1362,Kisdombegyház
1363,Kisdorog
1364,Kisecset
1365,Kisfalud
1366,Kisfüzes
1367,Kisgörbő
1368,Kisgyalán
1369,Kisgyőr
1370,Kishajmás
1371,Kisharsány
1372,Kishartyán
1373,Kisherend
1374,Kishódos
1375,Kishuta
1376,Kisigmánd
1377,Kisjakabfalva
1378,Kiskassa
1379,Kiskinizs
1380,Kiskorpád
1381,Kisköre
1382,Kiskőrös
1383,Kiskunfélegyháza
1384,Kiskunhalas
1385,Kiskunlacháza
1386,Kiskunmajsa
1387,Kiskutas
1388,Kisláng
1389,Kisléta
1390,Kislippó
1391,Kislőd
1392,Kismányok
1393,Kismarja
1394,Kismaros
1395,Kisnamény
1396,Kisnána
1397,Kisnémedi
1398,Kisnyárád
1399,Kisoroszi
1400,Kispalád
1401,Kispáli
1402,Kispirit
1403,Kisrákos
1404,Kisrécse
1405,Kisrozvágy
1406,Kissikátor
1407,Kissomlyó
1408,Kistamási
1409,Kistapolca
1410,Kistarcsa
1411,Kistelek
1412,Kistokaj
1413,Kistolmács
1414,Kistormás
1415,Kistótfalu
1416,Kisújszállás
1417,Kisunyom
1418,Kisvárda
1419,Kisvarsány
1420,Kisvásárhely
1421,Kisvaszar
1422,Kisvejke
1423,Kiszombor
1424,Kiszsidány
1425,Kisszállás
1426,Kisszékely
1427,Kisszekeres
1428,Kisszentmárton
1429,Kissziget
1430,Kisszőlős
1431,Klárafalva
1432,Kocs
1433,Kocsér
1434,Kocsola
1435,Kocsord
1436,Kóka
1437,Kokad
1438,Kolontár
1439,Komádi
1440,Komárom
1441,Komjáti
1442,Komló
1443,Komlódtótfalu
1444,Komlósd
1445,Komlóska
1446,Komoró
1447,Kompolt
1448,Kondó
1449,Kondorfa
1450,Kondoros
1451,Kóny
1452,Konyár
1453,Kópháza
1454,Koppányszántó
1455,Korlát
1456,Koroncó
1457,Kórós
1458,Kosd
1459,Kóspallag
1460,Kótaj
1461,Kovácshida
1462,Kovácsszénája
1463,Kovácsvágás
1464,Kozárd
1465,Kozármisleny
1466,Kozmadombja
1467,Köblény
1468,Köcsk
1469,Kökény
1470,Kőkút
1471,Kölcse
1472,Kölesd
1473,Kölked
1474,Kömlő
1475,Kömlőd
1476,Kömörő
1477,Kömpöc
1478,Körmend
1479,Környe
1480,Köröm
1481,Kőröshegy
1482,Körösladány
1483,Körösnagyharsány
1484,Köröstarcsa
1485,Kőröstetétlen
1486,Körösújfalu
1487,Körösszakál
1488,Körösszegapáti
1489,Kőszárhegy
1490,Kőszeg
1491,Kőszegdoroszló
1492,Kőszegpaty
1493,Kőszegszerdahely
1494,Kötcse
1495,Kötegyán
1496,Kőtelek
1497,Kővágóörs
1498,Kővágószőlős
1499,Kővágótöttös
1500,Kövegy
1501,Köveskál
1502,Krasznokvajda
1503,Kulcs
1504,Kunadacs
1505,Kunágota
1506,Kunbaja
1507,Kunbaracs
1508,Kuncsorba
1509,Kunfehértó
1510,Kunhegyes
1511,Kunmadaras
1512,Kunpeszér
1513,Kunszállás
1514,Kunszentmárton
1515,Kunszentmiklós
1516,Kunsziget
1517,Kup
1518,Kupa
1519,Kurd
1520,Kurityán
1521,Kustánszeg
1522,Kutas
1523,Kutasó
1524,Kübekháza
1525,Külsősárd
1526,Külsővat
1527,Küngös
1528,Lábatlan
1529,Lábod
1530,Lácacséke
1531,Lad
1532,Ladánybene
1533,Ládbesenyő
1534,Lajoskomárom
1535,Lajosmizse
1536,Lak
1537,Lakhegy
1538,Lakitelek
1539,Lakócsa
1540,Lánycsók
1541,Lápafő
1542,Lapáncsa
1543,Laskod
1544,Lasztonya
1545,Látrány
1546,Lázi
1547,Leányfalu
1548,Leányvár
1549,Lébény
1550,Legénd
1551,Legyesbénye
1552,Léh
1553,Lénárddaróc
1554,Lendvadedes
1555,Lendvajakabfa
1556,Lengyel
1557,Lengyeltóti
1558,Lenti
1559,Lepsény
1560,Lesencefalu
1561,Lesenceistvánd
1562,Lesencetomaj
1563,Létavértes
1564,Letenye
1565,Letkés
1566,Levél
1567,Levelek
1568,Libickozma
1569,Lickóvadamos
1570,Liget
1571,Ligetfalva
1572,Lipót
1573,Lippó
1574,Liptód
1575,Lispeszentadorján
1576,Liszó
1577,Litér
1578,Litka
1579,Litke
1580,Lócs
1581,Lókút
1582,Lónya
1583,Lórév
1584,Lothárd
1585,Lovas
1586,Lovasberény
1587,Lovászhetény
1588,Lovászi
1589,Lovászpatona
1590,Lőkösháza
1591,Lőrinci
1592,Lövő
1593,Lövőpetri
1594,Lucfalva
1595,Ludányhalászi
1596,Ludas
1597,Lukácsháza
1598,Lulla
1599,Lúzsok
1600,Mád
1601,Madaras
1602,Madocsa
1603,Maglóca
1604,Maglód
1605,Mágocs
1606,Magosliget
1607,Magy
1608,Magyaralmás
1609,Magyaratád
1610,Magyarbánhegyes
1611,Magyarbóly
1612,Magyarcsanád
1613,Magyardombegyház
1614,Magyaregregy
1615,Magyaregres
1616,Magyarföld
1617,Magyargéc
1618,Magyargencs
1619,Magyarhertelend
1620,Magyarhomorog
1621,Magyarkeresztúr
1622,Magyarkeszi
1623,Magyarlak
1624,Magyarlukafa
1625,Magyarmecske
1626,Magyarnádalja
1627,Magyarnándor
1628,Magyarpolány
1629,Magyarsarlós
1630,Magyarszecsőd
1631,Magyarszék
1632,Magyarszentmiklós
1633,Magyarszerdahely
1634,Magyarszombatfa
1635,Magyartelek
1636,Majosháza
1637,Majs
1638,Makád
1639,Makkoshotyka
1640,Maklár
1641,Makó
1642,Malomsok
1643,Mályi
1644,Mályinka
1645,Mánd
1646,Mándok
1647,Mánfa
1648,Mány
1649,Maráza
1650,Marcalgergelyi
1651,Marcali
1652,Marcaltő
1653,Márfa
1654,Máriahalom
1655,Máriakálnok
1656,Máriakéménd
1657,Márianosztra
1658,Máriapócs
1659,Markaz
1660,Márkháza
1661,Márkó
1662,Markóc
1663,Markotabödöge
1664,Maróc
1665,Marócsa
1666,Márok
1667,Márokföld
1668,Márokpapi
1669,Maroslele
1670,Mártély
1671,Martfű
1672,Martonfa
1673,Martonvásár
1674,Martonyi
1675,Mátészalka
1676,Mátételke
1677,Mátraballa
1678,Mátraderecske
1679,Mátramindszent
1680,Mátranovák
1681,Mátraszele
1682,Mátraszentimre
1683,Mátraszőlős
1684,Mátraterenye
1685,Mátraverebély
1686,Mátyásdomb
1687,Matty
1688,Mátyus
1689,Máza
1690,Mecseknádasd
1691,Mecsekpölöske
1692,Mecsér
1693,Medgyesbodzás
1694,Medgyesegyháza
1695,Medina
1696,Megyaszó
1697,Megyehíd
1698,Megyer
1699,Meggyeskovácsi
1700,Méhkerék
1701,Méhtelek
1702,Mekényes
1703,Mélykút
1704,Mencshely
1705,Mende
1706,Méra
1707,Merenye
1708,Mérges
1709,Mérk
1710,Mernye
1711,Mersevát
1712,Mesterháza
1713,Mesteri
1714,Mesterszállás
1715,Meszes
1716,Meszlen
1717,Mesztegnyő
1718,Mezőberény
1719,Mezőcsát
1720,Mezőcsokonya
1721,Meződ
1722,Mezőfalva
1723,Mezőgyán
1724,Mezőhegyes
1725,Mezőhék
1726,Mezőkeresztes
1727,Mezőkomárom
1728,Mezőkovácsháza
1729,Mezőkövesd
1730,Mezőladány
1731,Mezőlak
1732,Mezőnagymihály
1733,Mezőnyárád
1734,Mezőörs
1735,Mezőpeterd
1736,Mezősas
1737,Mezőszemere
1738,Mezőszentgyörgy
1739,Mezőszilas
1740,Mezőtárkány
1741,Mezőtúr
1742,Mezőzombor
1743,Miháld
1744,Mihályfa
1745,Mihálygerge
1746,Mihályháza
1747,Mihályi
1748,Mike
1749,Mikebuda
1750,Mikekarácsonyfa
1751,Mikepércs
1752,Miklósi
1753,Mikófalva
1754,Mikóháza
1755,Mikosszéplak
1756,Milejszeg
1757,Milota
1758,Mindszent
1759,Mindszentgodisa
1760,Mindszentkálla
1761,Misefa
1762,Miske
1763,Miskolc
1764,Miszla
1765,Mocsa
1766,Mogyoród
1767,Mogyorósbánya
1768,Mogyoróska
1769,Moha
1770,Mohács
1771,Mohora
1772,Molnári
1773,Molnaszecsőd
1774,Molvány
1775,Monaj
1776,Monok
1777,Monor
1778,Monorierdő
1779,Mónosbél
1780,Monostorapáti
1781,Monostorpályi
1782,Monoszló
1783,Monyoród
1784,Mór
1785,Mórágy
1786,Mórahalom
1787,Móricgát
1788,Mórichida
1789,Mosdós
1790,Mosonmagyaróvár
1791,Mosonszentmiklós
1792,Mosonszolnok
1793,Mosonudvar
1794,Mozsgó
1795,Mőcsény
1796,Mucsfa
1797,Mucsi
1798,Múcsony
1799,Muhi
1800,Murakeresztúr
1801,Murarátka
1802,Muraszemenye
1803,Murga
1804,Murony
1805,Nábrád
1806,Nadap
1807,Nádasd
1808,Nádasdladány
1809,Nádudvar
1810,Nágocs
1811,Nagyacsád
1812,Nagyalásony
1813,Nagyar
1814,Nagyatád
1815,Nagybajcs
1816,Nagybajom
1817,Nagybakónak
1818,Nagybánhegyes
1819,Nagybaracska
1820,Nagybarca
1821,Nagybárkány
1822,Nagyberény
1823,Nagyberki
1824,Nagybörzsöny
1825,Nagybudmér
1826,Nagycenk
1827,Nagycsány
1828,Nagycsécs
1829,Nagycsepely
1830,Nagycserkesz
1831,Nagydém
1832,Nagydobos
1833,Nagydobsza
1834,Nagydorog
1835,Nagyecsed
1836,Nagyér
1837,Nagyesztergár
1838,Nagyfüged
1839,Nagygeresd
1840,Nagygörbő
1841,Nagygyimót
1842,Nagyhajmás
1843,Nagyhalász
1844,Nagyharsány
1845,Nagyhegyes
1846,Nagyhódos
1847,Nagyhuta
1848,Nagyigmánd
1849,Nagyiván
1850,Nagykálló
1851,Nagykamarás
1852,Nagykanizsa
1853,Nagykapornak
1854,Nagykarácsony
1855,Nagykáta
1856,Nagykereki
1857,Nagykeresztúr
1858,Nagykinizs
1859,Nagykónyi
1860,Nagykorpád
1861,Nagykovácsi
1862,Nagykozár
1863,Nagykökényes
1864,Nagykölked
1865,Nagykőrös
1866,Nagykörű
1867,Nagykutas
1868,Nagylak
1869,Nagylengyel
1870,Nagylóc
1871,Nagylók
1872,Nagylózs
1873,Nagymágocs
1874,Nagymányok
1875,Nagymaros
1876,Nagymizdó
1877,Nagynyárád
1878,Nagyoroszi
1879,Nagypáli
1880,Nagypall
1881,Nagypeterd
1882,Nagypirit
1883,Nagyrábé
1884,Nagyrada
1885,Nagyrákos
1886,Nagyrécse
1887,Nagyréde
1888,Nagyrév
1889,Nagyrozvágy
1890,Nagysáp
1891,Nagysimonyi
1892,Nagyszakácsi
1893,Nagyszékely
1894,Nagyszekeres
1895,Nagyszénás
1896,Nagyszentjános
1897,Nagyszokoly
1898,Nagytálya
1899,Nagytarcsa
1900,Nagytevel
1901,Nagytilaj
1902,Nagytótfalu
1903,Nagytőke
1904,Nagyút
1905,Nagyvarsány
1906,Nagyváty
1907,Nagyvázsony
1908,Nagyvejke
1909,Nagyveleg
1910,Nagyvenyim
1911,Nagyvisnyó
1912,Nak
1913,Napkor
1914,Nárai
1915,Narda
1916,Naszály
1917,Négyes
1918,Nekézseny
1919,Nemesapáti
1920,Nemesbikk
1921,Nemesborzova
1922,Nemesbőd
1923,Nemesbük
1924,Nemescsó
1925,Nemesdéd
1926,Nemesgörzsöny
1927,Nemesgulács
1928,Nemeshany
1929,Nemeshetés
1930,Nemeske
1931,Nemeskér
1932,Nemeskeresztúr
1933,Nemeskisfalud
1934,Nemeskocs
1935,Nemeskolta
1936,Nemesládony
1937,Nemesmedves
1938,Nemesnádudvar
1939,Nemesnép
1940,Nemespátró
1941,Nemesrádó
1942,Nemesrempehollós
1943,Nemessándorháza
1944,Nemesvámos
1945,Nemesvid
1946,Nemesvita
1947,Nemesszalók
1948,Nemesszentandrás
1949,Németbánya
1950,Németfalu
1951,Németkér
1952,Nemti
1953,Neszmély
1954,Nézsa
1955,Nick
1956,Nikla
1957,Nógrád
1958,Nógrádkövesd
1959,Nógrádmarcal
1960,Nógrádmegyer
1961,Nógrádsáp
1962,Nógrádsipek
1963,Nógrádszakál
1964,Nóráp
1965,Noszlop
1966,Noszvaj
1967,Nova
1968,Novaj
1969,Novajidrány
1970,Nőtincs
1971,Nyalka
1972,Nyárád
1973,Nyáregyháza
1974,Nyárlőrinc
1975,Nyársapát
1976,Nyékládháza
1977,Nyergesújfalu
1978,Nyésta
1979,Nyim
1980,Nyírábrány
1981,Nyíracsád
1982,Nyirád
1983,Nyíradony
1984,Nyírbátor
1985,Nyírbéltek
1986,Nyírbogát
1987,Nyírbogdány
1988,Nyírcsaholy
1989,Nyírcsászári
1990,Nyírderzs
1991,Nyíregyháza
1992,Nyírgelse
1993,Nyírgyulaj
1994,Nyíri
1995,Nyíribrony
1996,Nyírjákó
1997,Nyírkarász
1998,Nyírkáta
1999,Nyírkércs
2000,Nyírlövő
2001,Nyírlugos
2002,Nyírmada
2003,Nyírmártonfalva
2004,Nyírmeggyes
2005,Nyírmihálydi
2006,Nyírparasznya
2007,Nyírpazony
2008,Nyírpilis
2009,Nyírtass
2010,Nyírtelek
2011,Nyírtét
2012,Nyírtura
2013,Nyírvasvári
2014,Nyomár
2015,Nyőgér
2016,Nyugotszenterzsébet
2017,Nyúl
2018,Óbánya
2019,Óbarok
2020,Óbudavár
2021,Ócsa
2022,Ócsárd
2023,Ófalu
2024,Ófehértó
2025,Óföldeák
2026,Óhíd
2027,Okány
2028,Okorág
2029,Okorvölgy
2030,Olasz
2031,Olaszfa
2032,Olaszfalu
2033,Olaszliszka
2034,Olcsva
2035,Olcsvaapáti
2036,Old
2037,Ólmod
2038,Oltárc
2039,Onga
2040,Ónod
2041,Ópályi
2042,Ópusztaszer
2043,Orbányosfa
2044,Orci
2045,Ordacsehi
2046,Ordas
2047,Orfalu
2048,Orfű
2049,Orgovány
2050,Ormándlak
2051,Ormosbánya
2052,Orosháza
2053,Oroszi
2054,Oroszlány
2055,Oroszló
2056,Orosztony
2057,Ortaháza
2058,Osli
2059,Ostffyasszonyfa
2060,Ostoros
2061,Oszkó
2062,Oszlár
2063,Osztopán
2064,Ózd
2065,Ózdfalu
2066,Ozmánbük
2067,Ozora
2068,Öcs
2069,Őcsény
2070,Öcsöd
2071,Ököritófülpös
2072,Ölbő
2073,Ömböly
2074,Őr
2075,Őrbottyán
2076,Öregcsertő
2077,Öreglak
2078,Őrhalom
2079,Őrimagyarósd
2080,Őriszentpéter
2081,Örkény
2082,Örményes
2083,Örménykút
2084,Őrtilos
2085,Örvényes
2086,Ősagárd
2087,Ősi
2088,Öskü
2089,Öttevény
2090,Öttömös
2091,Ötvöskónyi
2092,Pácin
2093,Pacsa
2094,Pácsony
2095,Padár
2096,Páhi
2097,Páka
2098,Pakod
2099,Pákozd
2100,Paks
2101,Palé
2102,Pálfa
2103,Pálfiszeg
2104,Pálháza
2105,Páli
2106,Palkonya
2107,Pálmajor
2108,Pálmonostora
2109,Pálosvörösmart
2110,Palotabozsok
2111,Palotás
2112,Paloznak
2113,Pamlény
2114,Pamuk
2115,Pánd
2116,Pankasz
2117,Pannonhalma
2118,Pányok
2119,Panyola
2120,Pap
2121,Pápa
2122,Pápadereske
2123,Pápakovácsi
2124,Pápasalamon
2125,Pápateszér
2126,Papkeszi
2127,Pápoc
2128,Papos
2129,Páprád
2130,Parád
2131,Parádsasvár
2132,Parasznya
2133,Pári
2134,Paszab
2135,Pásztó
2136,Pásztori
2137,Pat
2138,Patak
2139,Patalom
2140,Patapoklosi
2141,Patca
2142,Pátka
2143,Patosfa
2144,Pátroha
2145,Patvarc
2146,Páty
2147,Pátyod
2148,Pázmánd
2149,Pázmándfalu
2150,Pécel
2151,Pecöl
2152,Pécs
2153,Pécsbagota
2154,Pécsdevecser
2155,Pécsely
2156,Pécsudvard
2157,Pécsvárad
2158,Pellérd
2159,Pély
2160,Penc
2161,Penészlek
2162,Pénzesgyőr
2163,Penyige
2164,Pér
2165,Perbál
2166,Pere
2167,Perecse
2168,Pereked
2169,Perenye
2170,Peresznye
2171,Pereszteg
2172,Perkáta
2173,Perkupa
2174,Perőcsény
2175,Peterd
2176,Péterhida
2177,Péteri
2178,Pétervására
2179,Pétfürdő
2180,Pethőhenye
2181,Petneháza
2182,Petőfibánya
2183,Petőfiszállás
2184,Petőháza
2185,Petőmihályfa
2186,Petrikeresztúr
2187,Petrivente
2188,Pettend
2189,Piliny
2190,Pilis
2191,Pilisborosjenő
2192,Piliscsaba
2193,Piliscsév
2194,Pilisjászfalu
2195,Pilismarót
2196,Pilisvörösvár
2197,Pilisszántó
2198,Pilisszentiván
2199,Pilisszentkereszt
2200,Pilisszentlászló
2201,Pincehely
2202,Pinkamindszent
2203,Pinnye
2204,Piricse
2205,Pirtó
2206,Piskó
2207,Pitvaros
2208,Pócsa
2209,Pocsaj
2210,Pócsmegyer
2211,Pócspetri
2212,Pogány
2213,Pogányszentpéter
2214,Pókaszepetk
2215,Polány
2216,Polgár
2217,Polgárdi
2218,Pomáz
2219,Porcsalma
2220,Pornóapáti
2221,Poroszló
2222,Porpác
2223,Porrog
2224,Porrogszentkirály
2225,Porrogszentpál
2226,Pórszombat
2227,Porva
2228,Pósfa
2229,Potony
2230,Potyond
2231,Pölöske
2232,Pölöskefő
2233,Pörböly
2234,Pördefölde
2235,Pötréte
2236,Prügy
2237,Pula
2238,Pusztaapáti
2239,Pusztaberki
2240,Pusztacsalád
2241,Pusztacsó
2242,Pusztadobos
2243,Pusztaederics
2244,Pusztafalu
2245,Pusztaföldvár
2246,Pusztahencse
2247,Pusztakovácsi
2248,Pusztamagyaród
2249,Pusztamérges
2250,Pusztamiske
2251,Pusztamonostor
2252,Pusztaottlaka
2253,Pusztaradvány
2254,Pusztaszabolcs
2255,Pusztaszemes
2256,Pusztaszentlászló
2257,Pusztaszer
2258,Pusztavacs
2259,Pusztavám
2260,Pusztazámor
2261,Putnok
2262,Püski
2263,Püspökhatvan
2264,Püspökladány
2265,Püspökmolnári
2266,Püspökszilágy
2267,Rábacsanak
2268,Rábacsécsény
2269,Rábagyarmat
2270,Rábahídvég
2271,Rábakecöl
2272,Rábapatona
2273,Rábapaty
2274,Rábapordány
2275,Rábasebes
2276,Rábaszentandrás
2277,Rábaszentmihály
2278,Rábaszentmiklós
2279,Rábatamási
2280,Rábatöttös
2281,Rábcakapi
2282,Rácalmás
2283,Ráckeresztúr
2284,Ráckeve
2285,Rád
2286,Rádfalva
2287,Rádóckölked
2288,Radostyán
2289,Ragály
2290,Rajka
2291,Rakaca
2292,Rakacaszend
2293,Rakamaz
2294,Rákóczibánya
2295,Rákóczifalva
2296,Rákócziújfalu
2297,Ráksi
2298,Ramocsa
2299,Ramocsaháza
2300,Rápolt
2301,Raposka
2302,Rásonysápberencs
2303,Rátka
2304,Rátót
2305,Ravazd
2306,Recsk
2307,Réde
2308,Rédics
2309,Regéc
2310,Regenye
2311,Regöly
2312,Rém
2313,Remeteszőlős
2314,Répáshuta
2315,Répcelak
2316,Répceszemere
2317,Répceszentgyörgy
2318,Répcevis
2319,Resznek
2320,Rétalap
2321,Rétközberencs
2322,Rétság
2323,Révfülöp
2324,Révleányvár
2325,Rezi
2326,Ricse
2327,Rigács
2328,Rigyác
2329,Rimóc
2330,Rinyabesenyő
2331,Rinyakovácsi
2332,Rinyaszentkirály
2333,Rinyaújlak
2334,Rinyaújnép
2335,Rohod
2336,Románd
2337,Romhány
2338,Romonya
2339,Rózsafa
2340,Rozsály
2341,Rózsaszentmárton
2342,Röjtökmuzsaj
2343,Rönök
2344,Röszke
2345,Rudabánya
2346,Rudolftelep
2347,Rum
2348,Ruzsa
2349,Ságújfalu
2350,Ságvár
2351,Sajóbábony
2352,Sajóecseg
2353,Sajógalgóc
2354,Sajóhídvég
2355,Sajóivánka
2356,Sajókápolna
2357,Sajókaza
2358,Sajókeresztúr
2359,Sajólád
2360,Sajólászlófalva
2361,Sajómercse
2362,Sajónémeti
2363,Sajóörös
2364,Sajópálfala
2365,Sajópetri
2366,Sajópüspöki
2367,Sajósenye
2368,Sajószentpéter
2369,Sajószöged
2370,Sajóvámos
2371,Sajóvelezd
2372,Sajtoskál
2373,Salföld
2374,Salgótarján
2375,Salköveskút
2376,Salomvár
2377,Sály
2378,Sámod
2379,Sámsonháza
2380,Sand
2381,Sándorfalva
2382,Sántos
2383,Sáp
2384,Sáránd
2385,Sárazsadány
2386,Sárbogárd
2387,Sáregres
2388,Sárfimizdó
2389,Sárhida
2390,Sárisáp
2391,Sarkad
2392,Sarkadkeresztúr
2393,Sárkeresztes
2394,Sárkeresztúr
2395,Sárkeszi
2396,Sármellék
2397,Sárok
2398,Sárosd
2399,Sárospatak
2400,Sárpilis
2401,Sárrétudvari
2402,Sarród
2403,Sárszentágota
2404,Sárszentlőrinc
2405,Sárszentmihály
2406,Sarud
2407,Sárvár
2408,Sásd
2409,Sáska
2410,Sáta
2411,Sátoraljaújhely
2412,Sátorhely
2413,Sávoly
2414,Sé
2415,Segesd
2416,Selyeb
2417,Sellye
2418,Semjén
2419,Semjénháza
2420,Sénye
2421,Sényő
2422,Seregélyes
2423,Serényfalva
2424,Sérsekszőlős
2425,Sikátor
2426,Siklós
2427,Siklósbodony
2428,Siklósnagyfalu
2429,Sima
2430,Simaság
2431,Simonfa
2432,Simontornya
2433,Sióagárd
2434,Siófok
2435,Siójut
2436,Sirok
2437,Sitke
2438,Sobor
2439,Sokorópátka
2440,Solt
2441,Soltszentimre
2442,Soltvadkert
2443,Sóly
2444,Solymár
2445,Som
2446,Somberek
2447,Somlójenő
2448,Somlószőlős
2449,Somlóvásárhely
2450,Somlóvecse
2451,Somodor
2452,Somogyacsa
2453,Somogyapáti
2454,Somogyaracs
2455,Somogyaszaló
2456,Somogybabod
2457,Somogybükkösd
2458,Somogycsicsó
2459,Somogydöröcske
2460,Somogyegres
2461,Somogyfajsz
2462,Somogygeszti
2463,Somogyhárságy
2464,Somogyhatvan
2465,Somogyjád
2466,Somogymeggyes
2467,Somogysámson
2468,Somogysárd
2469,Somogysimonyi
2470,Somogyszentpál
2471,Somogyszil
2472,Somogyszob
2473,Somogytúr
2474,Somogyudvarhely
2475,Somogyvámos
2476,Somogyvár
2477,Somogyviszló
2478,Somogyzsitfa
2479,Somoskőújfalu
2480,Sonkád
2481,Soponya
2482,Sopron
2483,Sopronhorpács
2484,Sopronkövesd
2485,Sopronnémeti
2486,Sorkifalud
2487,Sorkikápolna
2488,Sormás
2489,Sorokpolány
2490,Sóshartyán
2491,Sóskút
2492,Sóstófalva
2493,Sósvertike
2494,Sótony
2495,Söjtör
2496,Söpte
2497,Söréd
2498,Sukoró
2499,Sumony
2500,Súr
2501,Surd
2502,Sükösd
2503,Sülysáp
2504,Sümeg
2505,Sümegcsehi
2506,Sümegprága
2507,Süttő
2508,Szabadbattyán
2509,Szabadegyháza
2510,Szabadhídvég
2511,Szabadi
2512,Szabadkígyós
2513,Szabadszállás
2514,Szabadszentkirály
2515,Szabás
2516,Szabolcs
2517,Szabolcsbáka
2518,Szabolcsveresmart
2519,Szada
2520,Szágy
2521,Szajk
2522,Szajla
2523,Szajol
2524,Szakácsi
2525,Szakadát
2526,Szakáld
2527,Szakály
2528,Szakcs
2529,Szakmár
2530,Szaknyér
2531,Szakoly
2532,Szakony
2533,Szakonyfalu
2534,Szákszend
2535,Szalafő
2536,Szalánta
2537,Szalapa
2538,Szalaszend
2539,Szalatnak
2540,Szálka
2541,Szalkszentmárton
2542,Szalmatercs
2543,Szalonna
2544,Szamosangyalos
2545,Szamosbecs
2546,Szamoskér
2547,Szamossályi
2548,Szamostatárfalva
2549,Szamosújlak
2550,Szamosszeg
2551,Szanda
2552,Szank
2553,Szántód
2554,Szany
2555,Szápár
2556,Szaporca
2557,Szár
2558,Szárász
2559,Szárazd
2560,Szárföld
2561,Szárliget
2562,Szarvas
2563,Szarvasgede
2564,Szarvaskend
2565,Szarvaskő
2566,Szászberek
2567,Szászfa
2568,Szászvár
2569,Szatmárcseke
2570,Szátok
2571,Szatta
2572,Szatymaz
2573,Szava
2574,Százhalombatta
2575,Szebény
2576,Szécsénke
2577,Szécsény
2578,Szécsényfelfalu
2579,Szécsisziget
2580,Szederkény
2581,Szedres
2582,Szeged
2583,Szegerdő
2584,Szeghalom
2585,Szegi
2586,Szegilong
2587,Szegvár
2588,Székely
2589,Székelyszabar
2590,Székesfehérvár
2591,Székkutas
2592,Szekszárd
2593,Szeleste
2594,Szelevény
2595,Szellő
2596,Szemely
2597,Szemenye
2598,Szemere
2599,Szendehely
2600,Szendrő
2601,Szendrőlád
2602,Szenna
2603,Szenta
2604,Szentantalfa
2605,Szentbalázs
2606,Szentbékkálla
2607,Szentborbás
2608,Szentdénes
2609,Szentdomonkos
2610,Szente
2611,Szentegát
2612,Szentendre
2613,Szentes
2614,Szentgál
2615,Szentgáloskér
2616,Szentgotthárd
2617,Szentgyörgyvár
2618,Szentgyörgyvölgy
2619,Szentimrefalva
2620,Szentistván
2621,Szentistvánbaksa
2622,Szentjakabfa
2623,Szentkatalin
2624,Szentkirály
2625,Szentkirályszabadja
2626,Szentkozmadombja
2627,Szentlászló
2628,Szentliszló
2629,Szentlőrinc
2630,Szentlőrinckáta
2631,Szentmargitfalva
2632,Szentmártonkáta
2633,Szentpéterfa
2634,Szentpéterfölde
2635,Szentpéterszeg
2636,Szentpéterúr
2637,Szenyér
2638,Szepetnek
2639,Szerecseny
2640,Szeremle
2641,Szerencs
2642,Szerep
2643,Szergény
2644,Szigetbecse
2645,Szigetcsép
2646,Szigethalom
2647,Szigetmonostor
2648,Szigetszentmárton
2649,Szigetszentmiklós
2650,Szigetújfalu
2651,Szigetvár
2652,Szigliget
2653,Szihalom
2654,Szijártóháza
2655,Szikszó
2656,Szil
2657,Szilágy
2658,Szilaspogony
2659,Szilsárkány
2660,Szilvágy
2661,Szilvás
2662,Szilvásvárad
2663,Szilvásszentmárton
2664,Szin
2665,Szinpetri
2666,Szirák
2667,Szirmabesenyő
2668,Szob
2669,Szokolya
2670,Szólád
2671,Szolnok
2672,Szombathely
2673,Szomód
2674,Szomolya
2675,Szomor
2676,Szorgalmatos
2677,Szorosad
2678,Szőc
2679,Szőce
2680,Sződ
2681,Sződliget
2682,Szögliget
2683,Szőke
2684,Szőkéd
2685,Szőkedencs
2686,Szőlősardó
2687,Szőlősgyörök
2688,Szörény
2689,Szúcs
2690,Szuha
2691,Szuhafő
2692,Szuhakálló
2693,Szuhogy
2694,Szulimán
2695,Szulok
2696,Szurdokpüspöki
2697,Szűcsi
2698,Szügy
2699,Szűr
2700,Tab
2701,Tabajd
2702,Tabdi
2703,Táborfalva
2704,Tác
2705,Tagyon
2706,Tahitótfalu
2707,Takácsi
2708,Tákos
2709,Taksony
2710,Taktabáj
2711,Taktaharkány
2712,Taktakenéz
2713,Taktaszada
2714,Taliándörögd
2715,Tállya
2716,Tamási
2717,Tanakajd
2718,Táp
2719,Tápióbicske
2720,Tápiógyörgye
2721,Tápióság
2722,Tápiószecső
2723,Tápiószele
2724,Tápiószentmárton
2725,Tápiószőlős
2726,Táplánszentkereszt
2727,Tapolca
2728,Tapsony
2729,Tápszentmiklós
2730,Tar
2731,Tarany
2732,Tarcal
2733,Tard
2734,Tardona
2735,Tardos
2736,Tarhos
2737,Tarján
2738,Tarjánpuszta
2739,Tárkány
2740,Tarnabod
2741,Tarnalelesz
2742,Tarnaméra
2743,Tarnaörs
2744,Tarnaszentmária
2745,Tarnaszentmiklós
2746,Tarnazsadány
2747,Tárnok
2748,Tárnokréti
2749,Tarpa
2750,Tarrós
2751,Táska
2752,Tass
2753,Taszár
2754,Tát
2755,Tata
2756,Tatabánya
2757,Tataháza
2758,Tatárszentgyörgy
2759,Tázlár
2760,Téglás
2761,Tekenye
2762,Tékes
2763,Teklafalu
2764,Telekes
2765,Telekgerendás
2766,Teleki
2767,Telki
2768,Telkibánya
2769,Tengelic
2770,Tengeri
2771,Tengőd
2772,Tenk
2773,Tényő
2774,Tépe
2775,Terem
2776,Terény
2777,Tereske
2778,Teresztenye
2779,Terpes
2780,Tés
2781,Tésa
2782,Tésenfa
2783,Téseny
2784,Teskánd
2785,Tét
2786,Tetétlen
2787,Tevel
2788,Tibolddaróc
2789,Tiborszállás
2790,Tihany
2791,Tikos
2792,Tilaj
2793,Timár
2794,Tinnye
2795,Tiszaadony
2796,Tiszaalpár
2797,Tiszabábolna
2798,Tiszabecs
2799,Tiszabercel
2800,Tiszabezdéd
2801,Tiszabő
2802,Tiszabura
2803,Tiszacsécse
2804,Tiszacsege
2805,Tiszacsermely
2806,Tiszadada
2807,Tiszaderzs
2808,Tiszadob
2809,Tiszadorogma
2810,Tiszaeszlár
2811,Tiszaföldvár
2812,Tiszafüred
2813,Tiszagyenda
2814,Tiszagyulaháza
2815,Tiszaigar
2816,Tiszainoka
2817,Tiszajenő
2818,Tiszakanyár
2819,Tiszakarád
2820,Tiszakécske
2821,Tiszakerecseny
2822,Tiszakeszi
2823,Tiszakóród
2824,Tiszakürt
2825,Tiszaladány
2826,Tiszalök
2827,Tiszalúc
2828,Tiszamogyorós
2829,Tiszanagyfalu
2830,Tiszanána
2831,Tiszaörs
2832,Tiszapalkonya
2833,Tiszapüspöki
2834,Tiszarád
2835,Tiszaroff
2836,Tiszasas
2837,Tiszasüly
2838,Tiszaszalka
2839,Tiszaszentimre
2840,Tiszaszentmárton
2841,Tiszasziget
2842,Tiszaszőlős
2843,Tiszatardos
2844,Tiszatarján
2845,Tiszatelek
2846,Tiszatenyő
2847,Tiszaug
2848,Tiszaújváros
2849,Tiszavalk
2850,Tiszavárkony
2851,Tiszavasvári
2852,Tiszavid
2853,Tisztaberek
2854,Tivadar
2855,Tóalmás
2856,Tófalu
2857,Tófej
2858,Tófű
2859,Tokaj
2860,Tokod
2861,Tokodaltáró
2862,Tokorcs
2863,Tolcsva
2864,Told
2865,Tolmács
2866,Tolna
2867,Tolnanémedi
2868,Tomajmonostora
2869,Tomor
2870,Tompa
2871,Tompaládony
2872,Tordas
2873,Tormafölde
2874,Tormás
2875,Tormásliget
2876,Tornabarakony
2877,Tornakápolna
2878,Tornanádaska
2879,Tornaszentandrás
2880,Tornaszentjakab
2881,Tornyiszentmiklós
2882,Tornyosnémeti
2883,Tornyospálca
2884,Torony
2885,Torvaj
2886,Tószeg
2887,Tótkomlós
2888,Tótszentgyörgy
2889,Tótszentmárton
2890,Tótszerdahely
2891,Tótújfalu
2892,Tótvázsony
2893,Tök
2894,Tököl
2895,Töltéstava
2896,Tömörd
2897,Tömörkény
2898,Törökbálint
2899,Törökkoppány
2900,Törökszentmiklós
2901,Törtel
2902,Töttös
2903,Trizs
2904,Tunyogmatolcs
2905,Tura
2906,Túristvándi
2907,Túrkeve
2908,Túrony
2909,Túrricse
2910,Tuzsér
2911,Türje
2912,Tüskevár
2913,Tyukod
2914,Udvar
2915,Udvari
2916,Ugod
2917,Újbarok
2918,Újcsanálos
2919,Újdombrád
2920,Újfehértó
2921,Újhartyán
2922,Újiráz
2923,Újireg
2924,Újkenéz
2925,Újkér
2926,Újkígyós
2927,Újlengyel
2928,Újléta
2929,Újlőrincfalva
2930,Újpetre
2931,Újrónafő
2932,Újsolt
2933,Újszalonta
2934,Újszász
2935,Újszentiván
2936,Újszentmargita
2937,Újszilvás
2938,Újtelek
2939,Újtikos
2940,Újudvar
2941,Újvárfalva
2942,Ukk
2943,Und
2944,Úny
2945,Uppony
2946,Ura
2947,Uraiújfalu
2948,Úrhida
2949,Úri
2950,Úrkút
2951,Uszka
2952,Uszód
2953,Uzsa
2954,Üllés
2955,Üllő
2956,Üröm
2957,Vác
2958,Vácduka
2959,Vácegres
2960,Váchartyán
2961,Váckisújfalu
2962,Vácrátót
2963,Vácszentlászló
2964,Vadna
2965,Vadosfa
2966,Vág
2967,Vágáshuta
2968,Vaja
2969,Vajdácska
2970,Vajszló
2971,Vajta
2972,Vál
2973,Valkó
2974,Valkonya
2975,Vállaj
2976,Vállus
2977,Vámosatya
2978,Vámoscsalád
2979,Vámosgyörk
2980,Vámosmikola
2981,Vámosoroszi
2982,Vámospércs
2983,Vámosújfalu
2984,Vámosszabadi
2985,Váncsod
2986,Vanyarc
2987,Vanyola
2988,Várad
2989,Váralja
2990,Varászló
2991,Váraszó
2992,Várbalog
2993,Varbó
2994,Varbóc
2995,Várda
2996,Várdomb
2997,Várfölde
2998,Varga
2999,Várgesztes
3000,Várkesző
3001,Várong
3002,Városföld
3003,Városlőd
3004,Várpalota
3005,Varsád
3006,Varsány
3007,Várvölgy
3008,Vasad
3009,Vasalja
3010,Vásárosbéc
3011,Vásárosdombó
3012,Vásárosfalu
3013,Vásárosmiske
3014,Vásárosnamény
3015,Vasasszonyfa
3016,Vasboldogasszony
3017,Vasegerszeg
3018,Vashosszúfalu
3019,Vaskeresztes
3020,Vaskút
3021,Vasmegyer
3022,Vaspör
3023,Vassurány
3024,Vasvár
3025,Vaszar
3026,Vászoly
3027,Vasszécseny
3028,Vasszentmihály
3029,Vasszilvágy
3030,Vát
3031,Vatta
3032,Vázsnok
3033,Vécs
3034,Vecsés
3035,Végegyháza
3036,Vejti
3037,Vékény
3038,Vekerd
3039,Velem
3040,Velemér
3041,Velence
3042,Velény
3043,Véménd
3044,Vének
3045,Vép
3046,Vereb
3047,Veresegyház
3048,Verőce
3049,Verpelét
3050,Verseg
3051,Versend
3052,Vértesacsa
3053,Vértesboglár
3054,Vérteskethely
3055,Vértessomló
3056,Vértestolna
3057,Vértesszőlős
3058,Vése
3059,Veszkény
3060,Veszprém
3061,Veszprémfajsz
3062,Veszprémgalsa
3063,Veszprémvarsány
3064,Vésztő
3065,Vezseny
3066,Vid
3067,Vigántpetend
3068,Villány
3069,Villánykövesd
3070,Vilmány
3071,Vilonya
3072,Vilyvitány
3073,Vinár
3074,Vindornyafok
3075,Vindornyalak
3076,Vindornyaszőlős
3077,Visegrád
3078,Visnye
3079,Visonta
3080,Viss
3081,Visz
3082,Viszák
3083,Viszló
3084,Visznek
3085,Vitnyéd
3086,Vízvár
3087,Vizslás
3088,Vizsoly
3089,Vokány
3090,Vonyarcvashegy
3091,Vöckönd
3092,Völcsej
3093,Vönöck
3094,Vöröstó
3095,Vörs
3096,Zabar
3097,Zádor
3098,Zádorfalva
3099,Zagyvarékas
3100,Zagyvaszántó
3101,Záhony
3102,Zajk
3103,Zajta
3104,Zákány
3105,Zákányfalu
3106,Zákányszék
3107,Zala
3108,Zalaapáti
3109,Zalabaksa
3110,Zalabér
3111,Zalaboldogfa
3112,Zalacsány
3113,Zalacséb
3114,Zalaegerszeg
3115,Zalaerdőd
3116,Zalagyömörő
3117,Zalahaláp
3118,Zalaháshágy
3119,Zalaigrice
3120,Zalaistvánd
3121,Zalakaros
3122,Zalakomár
3123,Zalaköveskút
3124,Zalalövő
3125,Zalameggyes
3126,Zalamerenye
3127,Zalasárszeg
3128,Zalaszabar
3129,Zalaszántó
3130,Zalaszegvár
3131,Zalaszentbalázs
3132,Zalaszentgrót
3133,Zalaszentgyörgy
3134,Zalaszentiván
3135,Zalaszentjakab
3136,Zalaszentlászló
3137,Zalaszentlőrinc
3138,Zalaszentmárton
3139,Zalaszentmihály
3140,Zalaszombatfa
3141,Zaláta
3142,Zalatárnok
3143,Zalaújlak
3144,Zalavár
3145,Zalavég
3146,Zalkod
3147,Zamárdi
3148,Zámoly
3149,Zánka
3150,Zaránk
3151,Závod
3152,Zebecke
3153,Zebegény
3154,Zemplénagárd
3155,Zengővárkony
3156,Zichyújfalu
3157,Zics
3158,Ziliz
3159,Zimány
3160,Zirc
3161,Zók
3162,Zomba
3163,Zubogy
3164,Zsadány
3165,Zsáka
3166,Zsámbék
3167,Zsámbok
3168,Zsana
3169,Zsarolyán
3170,Zsebeháza
3171,Zsédeny
3172,Zselickisfalud
3173,Zselickislak
3174,Zselicszentpál
3175,Zsennye
3176,Zsira
3177,Zsombó
3178,Zsujta
3179,Zsurk